{
  "_fv": 39,
  "_type": "gui",
  "definition": {
    "type": 0,
    "width": 176,
    "height": 166,
    "inventoryOffsetX": 0,
    "inventoryOffsetY": 0,
    "renderBgLayer": true,
    "doesPauseGame": false,
    "components": [
      {
        "type": "button",
        "data": {
          "name": "button_next",
          "text": "Next",
          "width": 48,
          "height": 20,
          "x": 236,
          "y": 172
        }
      },
      {
        "type": "button",
        "data": {
          "name": "button_back",
          "text": "Back",
          "width": 48,
          "height": 20,
          "x": 140,
          "y": 172
        }
      }
    ],
    "gridSettings": {
      "sx": 18,
      "sy": 18,
      "ox": 11,
      "oy": 15,
      "snapOnGrid": false
    }
  }
}